Ref,Val,Package,PosX,PosY,Rot,Side
"U2","XL-B1010RGBT-HF","LED-SMD_4P-L1.0-W1.0-TR_1",91.000000,-52.000000,0.000000,top
"U3","XL-B1010RGBT-HF","LED-SMD_4P-L1.0-W1.0-TR_1",91.000000,-54.000000,0.000000,top
"U4","XL-B1010RGBT-HF","LED-SMD_4P-L1.0-W1.0-TR_1",91.000000,-56.000000,0.000000,top
"U5","XL-B1010RGBT-HF","LED-SMD_4P-L1.0-W1.0-TR_1",91.000000,-58.000000,0.000000,top
"U6","XL-B1010RGBT-HF","LED-SMD_4P-L1.0-W1.0-TR_1",91.000000,-60.000000,0.000000,top
"U7","XL-B1010RGBT-HF","LED-SMD_4P-L1.0-W1.0-TR_1",91.000000,-62.000000,0.000000,top
"U8","XL-B1010RGBT-HF","LED-SMD_4P-L1.0-W1.0-TR_1",91.000000,-64.000000,0.000000,top
"U9","XL-B1010RGBT-HF","LED-SMD_4P-L1.0-W1.0-TR_1",91.000000,-66.000000,0.000000,top
"U10","XL-B1010RGBT-HF","LED-SMD_4P-L1.0-W1.0-TR_1",91.000000,-68.000000,0.000000,top
"U11","XL-B1010RGBT-HF","LED-SMD_4P-L1.0-W1.0-TR_1",93.000000,-52.000000,0.000000,top
"U12","XL-B1010RGBT-HF","LED-SMD_4P-L1.0-W1.0-TR_1",93.000000,-54.000000,0.000000,top
"U13","XL-B1010RGBT-HF","LED-SMD_4P-L1.0-W1.0-TR_1",93.000000,-56.000000,0.000000,top
"U14","XL-B1010RGBT-HF","LED-SMD_4P-L1.0-W1.0-TR_1",93.000000,-58.000000,0.000000,top
"U15","XL-B1010RGBT-HF","LED-SMD_4P-L1.0-W1.0-TR_1",93.000000,-60.000000,0.000000,top
"U16","XL-B1010RGBT-HF","LED-SMD_4P-L1.0-W1.0-TR_1",93.000000,-62.000000,0.000000,top
"U17","XL-B1010RGBT-HF","LED-SMD_4P-L1.0-W1.0-TR_1",93.000000,-64.000000,0.000000,top
"U18","XL-B1010RGBT-HF","LED-SMD_4P-L1.0-W1.0-TR_1",93.000000,-66.000000,0.000000,top
"U19","XL-B1010RGBT-HF","LED-SMD_4P-L1.0-W1.0-TR_1",93.000000,-68.000000,0.000000,top
"U20","XL-B1010RGBT-HF","LED-SMD_4P-L1.0-W1.0-TR_1",95.000000,-52.000000,0.000000,top
"U21","XL-B1010RGBT-HF","LED-SMD_4P-L1.0-W1.0-TR_1",95.000000,-54.000000,0.000000,top
"U22","XL-B1010RGBT-HF","LED-SMD_4P-L1.0-W1.0-TR_1",95.000000,-56.000000,0.000000,top
"U23","XL-B1010RGBT-HF","LED-SMD_4P-L1.0-W1.0-TR_1",95.000000,-58.000000,0.000000,top
"U24","XL-B1010RGBT-HF","LED-SMD_4P-L1.0-W1.0-TR_1",95.000000,-60.000000,0.000000,top
"U25","XL-B1010RGBT-HF","LED-SMD_4P-L1.0-W1.0-TR_1",95.000000,-62.000000,0.000000,top
"U26","XL-B1010RGBT-HF","LED-SMD_4P-L1.0-W1.0-TR_1",95.000000,-64.000000,0.000000,top
"U27","XL-B1010RGBT-HF","LED-SMD_4P-L1.0-W1.0-TR_1",95.000000,-66.000000,0.000000,top
"U28","XL-B1010RGBT-HF","LED-SMD_4P-L1.0-W1.0-TR_1",95.000000,-68.000000,0.000000,top
"U29","XL-B1010RGBT-HF","LED-SMD_4P-L1.0-W1.0-TR_1",101.000000,-52.000000,0.000000,top
"U30","XL-B1010RGBT-HF","LED-SMD_4P-L1.0-W1.0-TR_1",99.000000,-52.000000,0.000000,top
"U31","XL-B1010RGBT-HF","LED-SMD_4P-L1.0-W1.0-TR_1",97.000000,-52.000000,0.000000,top
"U32","XL-B1010RGBT-HF","LED-SMD_4P-L1.0-W1.0-TR_1",101.000000,-54.000000,0.000000,top
"U33","XL-B1010RGBT-HF","LED-SMD_4P-L1.0-W1.0-TR_1",99.000000,-54.000000,0.000000,top
"U34","XL-B1010RGBT-HF","LED-SMD_4P-L1.0-W1.0-TR_1",97.000000,-54.000000,0.000000,top
"U35","XL-B1010RGBT-HF","LED-SMD_4P-L1.0-W1.0-TR_1",101.000000,-56.000000,0.000000,top
"U36","XL-B1010RGBT-HF","LED-SMD_4P-L1.0-W1.0-TR_1",99.000000,-56.000000,0.000000,top
"U37","XL-B1010RGBT-HF","LED-SMD_4P-L1.0-W1.0-TR_1",97.000000,-56.000000,0.000000,top
"U38","XL-B1010RGBT-HF","LED-SMD_4P-L1.0-W1.0-TR_1",101.000000,-58.000000,0.000000,top
"U39","XL-B1010RGBT-HF","LED-SMD_4P-L1.0-W1.0-TR_1",99.000000,-58.000000,0.000000,top
"U40","XL-B1010RGBT-HF","LED-SMD_4P-L1.0-W1.0-TR_1",97.000000,-58.000000,0.000000,top
"U41","XL-B1010RGBT-HF","LED-SMD_4P-L1.0-W1.0-TR_1",101.000000,-60.000000,0.000000,top
"U42","XL-B1010RGBT-HF","LED-SMD_4P-L1.0-W1.0-TR_1",99.000000,-60.000000,0.000000,top
"U43","XL-B1010RGBT-HF","LED-SMD_4P-L1.0-W1.0-TR_1",97.000000,-60.000000,0.000000,top
"U44","XL-B1010RGBT-HF","LED-SMD_4P-L1.0-W1.0-TR_1",101.000000,-62.000000,0.000000,top
"U45","XL-B1010RGBT-HF","LED-SMD_4P-L1.0-W1.0-TR_1",99.000000,-62.000000,0.000000,top
"U46","XL-B1010RGBT-HF","LED-SMD_4P-L1.0-W1.0-TR_1",97.000000,-62.000000,0.000000,top
"U47","XL-B1010RGBT-HF","LED-SMD_4P-L1.0-W1.0-TR_1",101.000000,-64.000000,0.000000,top
"U48","XL-B1010RGBT-HF","LED-SMD_4P-L1.0-W1.0-TR_1",99.000000,-64.000000,0.000000,top
"U49","XL-B1010RGBT-HF","LED-SMD_4P-L1.0-W1.0-TR_1",97.000000,-64.000000,0.000000,top
"U50","XL-B1010RGBT-HF","LED-SMD_4P-L1.0-W1.0-TR_1",101.000000,-66.000000,0.000000,top
"U51","XL-B1010RGBT-HF","LED-SMD_4P-L1.0-W1.0-TR_1",99.000000,-66.000000,0.000000,top
"U52","XL-B1010RGBT-HF","LED-SMD_4P-L1.0-W1.0-TR_1",97.000000,-66.000000,0.000000,top
"U53","XL-B1010RGBT-HF","LED-SMD_4P-L1.0-W1.0-TR_1",101.000000,-68.000000,0.000000,top
"U54","XL-B1010RGBT-HF","LED-SMD_4P-L1.0-W1.0-TR_1",99.000000,-68.000000,0.000000,top
"U55","XL-B1010RGBT-HF","LED-SMD_4P-L1.0-W1.0-TR_1",97.000000,-68.000000,0.000000,top
"U56","XL-B1010RGBT-HF","LED-SMD_4P-L1.0-W1.0-TR_1",107.000000,-52.000000,0.000000,top
"U57","XL-B1010RGBT-HF","LED-SMD_4P-L1.0-W1.0-TR_1",105.000000,-52.000000,0.000000,top
"U58","XL-B1010RGBT-HF","LED-SMD_4P-L1.0-W1.0-TR_1",103.000000,-52.000000,0.000000,top
"U59","XL-B1010RGBT-HF","LED-SMD_4P-L1.0-W1.0-TR_1",107.000000,-54.000000,0.000000,top
"U60","XL-B1010RGBT-HF","LED-SMD_4P-L1.0-W1.0-TR_1",105.000000,-54.000000,0.000000,top
"U61","XL-B1010RGBT-HF","LED-SMD_4P-L1.0-W1.0-TR_1",103.000000,-54.000000,0.000000,top
"U62","XL-B1010RGBT-HF","LED-SMD_4P-L1.0-W1.0-TR_1",107.000000,-56.000000,0.000000,top
"U63","XL-B1010RGBT-HF","LED-SMD_4P-L1.0-W1.0-TR_1",105.000000,-56.000000,0.000000,top
"U64","XL-B1010RGBT-HF","LED-SMD_4P-L1.0-W1.0-TR_1",103.000000,-56.000000,0.000000,top
"U65","XL-B1010RGBT-HF","LED-SMD_4P-L1.0-W1.0-TR_1",107.000000,-58.000000,0.000000,top
"U66","XL-B1010RGBT-HF","LED-SMD_4P-L1.0-W1.0-TR_1",105.000000,-58.000000,0.000000,top
"U67","XL-B1010RGBT-HF","LED-SMD_4P-L1.0-W1.0-TR_1",103.000000,-58.000000,0.000000,top
"U68","XL-B1010RGBT-HF","LED-SMD_4P-L1.0-W1.0-TR_1",107.000000,-60.000000,0.000000,top
"U69","XL-B1010RGBT-HF","LED-SMD_4P-L1.0-W1.0-TR_1",105.000000,-60.000000,0.000000,top
"U70","XL-B1010RGBT-HF","LED-SMD_4P-L1.0-W1.0-TR_1",103.000000,-60.000000,0.000000,top
"U71","XL-B1010RGBT-HF","LED-SMD_4P-L1.0-W1.0-TR_1",107.000000,-62.000000,0.000000,top
"U72","XL-B1010RGBT-HF","LED-SMD_4P-L1.0-W1.0-TR_1",105.000000,-62.000000,0.000000,top
"U73","XL-B1010RGBT-HF","LED-SMD_4P-L1.0-W1.0-TR_1",103.000000,-62.000000,0.000000,top
"U74","XL-B1010RGBT-HF","LED-SMD_4P-L1.0-W1.0-TR_1",107.000000,-64.000000,0.000000,top
"U75","XL-B1010RGBT-HF","LED-SMD_4P-L1.0-W1.0-TR_1",105.000000,-64.000000,0.000000,top
"U76","XL-B1010RGBT-HF","LED-SMD_4P-L1.0-W1.0-TR_1",103.000000,-64.000000,0.000000,top
"U77","XL-B1010RGBT-HF","LED-SMD_4P-L1.0-W1.0-TR_1",107.000000,-66.000000,0.000000,top
"U78","XL-B1010RGBT-HF","LED-SMD_4P-L1.0-W1.0-TR_1",105.000000,-66.000000,0.000000,top
"U79","XL-B1010RGBT-HF","LED-SMD_4P-L1.0-W1.0-TR_1",103.000000,-66.000000,0.000000,top
"U80","XL-B1010RGBT-HF","LED-SMD_4P-L1.0-W1.0-TR_1",107.000000,-68.000000,0.000000,top
"U81","XL-B1010RGBT-HF","LED-SMD_4P-L1.0-W1.0-TR_1",105.000000,-68.000000,0.000000,top
"U82","XL-B1010RGBT-HF","LED-SMD_4P-L1.0-W1.0-TR_1",103.000000,-68.000000,0.000000,top
"U83","XL-B1010RGBT-HF","LED-SMD_4P-L1.0-W1.0-TR_1",113.000000,-52.000000,0.000000,top
"U84","XL-B1010RGBT-HF","LED-SMD_4P-L1.0-W1.0-TR_1",111.000000,-52.000000,0.000000,top
"U85","XL-B1010RGBT-HF","LED-SMD_4P-L1.0-W1.0-TR_1",109.000000,-52.000000,0.000000,top
"U86","XL-B1010RGBT-HF","LED-SMD_4P-L1.0-W1.0-TR_1",113.000000,-54.000000,0.000000,top
"U87","XL-B1010RGBT-HF","LED-SMD_4P-L1.0-W1.0-TR_1",111.000000,-54.000000,0.000000,top
"U88","XL-B1010RGBT-HF","LED-SMD_4P-L1.0-W1.0-TR_1",109.000000,-54.000000,0.000000,top
"U89","XL-B1010RGBT-HF","LED-SMD_4P-L1.0-W1.0-TR_1",113.000000,-56.000000,0.000000,top
"U90","XL-B1010RGBT-HF","LED-SMD_4P-L1.0-W1.0-TR_1",111.000000,-56.000000,0.000000,top
"U91","XL-B1010RGBT-HF","LED-SMD_4P-L1.0-W1.0-TR_1",109.000000,-56.000000,0.000000,top
"U92","XL-B1010RGBT-HF","LED-SMD_4P-L1.0-W1.0-TR_1",113.000000,-58.000000,0.000000,top
"U93","XL-B1010RGBT-HF","LED-SMD_4P-L1.0-W1.0-TR_1",111.000000,-58.000000,0.000000,top
"U94","XL-B1010RGBT-HF","LED-SMD_4P-L1.0-W1.0-TR_1",109.000000,-58.000000,0.000000,top
"U95","XL-B1010RGBT-HF","LED-SMD_4P-L1.0-W1.0-TR_1",113.000000,-60.000000,0.000000,top
"U96","XL-B1010RGBT-HF","LED-SMD_4P-L1.0-W1.0-TR_1",111.000000,-60.000000,0.000000,top
"U97","XL-B1010RGBT-HF","LED-SMD_4P-L1.0-W1.0-TR_1",109.000000,-60.000000,0.000000,top
"U98","XL-B1010RGBT-HF","LED-SMD_4P-L1.0-W1.0-TR_1",113.000000,-62.000000,0.000000,top
"U99","XL-B1010RGBT-HF","LED-SMD_4P-L1.0-W1.0-TR_1",111.000000,-62.000000,0.000000,top
"U100","XL-B1010RGBT-HF","LED-SMD_4P-L1.0-W1.0-TR_1",109.000000,-62.000000,0.000000,top
"U101","XL-B1010RGBT-HF","LED-SMD_4P-L1.0-W1.0-TR_1",113.000000,-64.000000,0.000000,top
"U102","XL-B1010RGBT-HF","LED-SMD_4P-L1.0-W1.0-TR_1",111.000000,-64.000000,0.000000,top
"U103","XL-B1010RGBT-HF","LED-SMD_4P-L1.0-W1.0-TR_1",109.000000,-64.000000,0.000000,top
"U104","XL-B1010RGBT-HF","LED-SMD_4P-L1.0-W1.0-TR_1",113.000000,-66.000000,0.000000,top
"U105","XL-B1010RGBT-HF","LED-SMD_4P-L1.0-W1.0-TR_1",111.000000,-66.000000,0.000000,top
"U106","XL-B1010RGBT-HF","LED-SMD_4P-L1.0-W1.0-TR_1",109.000000,-66.000000,0.000000,top
"U107","XL-B1010RGBT-HF","LED-SMD_4P-L1.0-W1.0-TR_1",113.000000,-68.000000,0.000000,top
"U108","XL-B1010RGBT-HF","LED-SMD_4P-L1.0-W1.0-TR_1",111.000000,-68.000000,0.000000,top
"U109","XL-B1010RGBT-HF","LED-SMD_4P-L1.0-W1.0-TR_1",109.000000,-68.000000,0.000000,top
"U110","XL-B1010RGBT-HF","LED-SMD_4P-L1.0-W1.0-TR_1",115.000000,-52.000000,0.000000,top
"U111","XL-B1010RGBT-HF","LED-SMD_4P-L1.0-W1.0-TR_1",115.000000,-54.000000,0.000000,top
"U112","XL-B1010RGBT-HF","LED-SMD_4P-L1.0-W1.0-TR_1",115.000000,-56.000000,0.000000,top
"U113","XL-B1010RGBT-HF","LED-SMD_4P-L1.0-W1.0-TR_1",115.000000,-58.000000,0.000000,top
"U114","XL-B1010RGBT-HF","LED-SMD_4P-L1.0-W1.0-TR_1",115.000000,-60.000000,0.000000,top
"U115","XL-B1010RGBT-HF","LED-SMD_4P-L1.0-W1.0-TR_1",115.000000,-62.000000,0.000000,top
"U116","XL-B1010RGBT-HF","LED-SMD_4P-L1.0-W1.0-TR_1",115.000000,-64.000000,0.000000,top
"U117","XL-B1010RGBT-HF","LED-SMD_4P-L1.0-W1.0-TR_1",115.000000,-66.000000,0.000000,top
"U118","XL-B1010RGBT-HF","LED-SMD_4P-L1.0-W1.0-TR_1",115.000000,-68.000000,0.000000,top
