Designator,Val,Package,Mid X,Mid Y,Rotation,Layer
CN3,AXE640124D,CONN-SMD_40P-P0.40_OK-14GM040-04,113.6,-60,-90,bottom
CN4,AXE640124D,CONN-SMD_40P-P0.40_OK-14GM040-04,92.4,-60,-90,bottom
U2,XL-B1010RGBT-HF,LED-SMD_4P-L1.0-W1.0-TR_1,91,-52,0,top
U3,XL-B1010RGBT-HF,LED-SMD_4P-L1.0-W1.0-TR_1,91,-54,0,top
U4,XL-B1010RGBT-HF,LED-SMD_4P-L1.0-W1.0-TR_1,91,-56,0,top
U5,XL-B1010RGBT-HF,LED-SMD_4P-L1.0-W1.0-TR_1,91,-58,0,top
U6,XL-B1010RGBT-HF,LED-SMD_4P-L1.0-W1.0-TR_1,91,-60,0,top
U7,XL-B1010RGBT-HF,LED-SMD_4P-L1.0-W1.0-TR_1,91,-62,0,top
U8,XL-B1010RGBT-HF,LED-SMD_4P-L1.0-W1.0-TR_1,91,-64,0,top
U9,XL-B1010RGBT-HF,LED-SMD_4P-L1.0-W1.0-TR_1,91,-66,0,top
U10,XL-B1010RGBT-HF,LED-SMD_4P-L1.0-W1.0-TR_1,91,-68,0,top
U11,XL-B1010RGBT-HF,LED-SMD_4P-L1.0-W1.0-TR_1,93,-52,0,top
U12,XL-B1010RGBT-HF,LED-SMD_4P-L1.0-W1.0-TR_1,93,-54,0,top
U13,XL-B1010RGBT-HF,LED-SMD_4P-L1.0-W1.0-TR_1,93,-56,0,top
U14,XL-B1010RGBT-HF,LED-SMD_4P-L1.0-W1.0-TR_1,93,-58,0,top
U15,XL-B1010RGBT-HF,LED-SMD_4P-L1.0-W1.0-TR_1,93,-60,0,top
U16,XL-B1010RGBT-HF,LED-SMD_4P-L1.0-W1.0-TR_1,93,-62,0,top
U17,XL-B1010RGBT-HF,LED-SMD_4P-L1.0-W1.0-TR_1,93,-64,0,top
U18,XL-B1010RGBT-HF,LED-SMD_4P-L1.0-W1.0-TR_1,93,-66,0,top
U19,XL-B1010RGBT-HF,LED-SMD_4P-L1.0-W1.0-TR_1,93,-68,0,top
U20,XL-B1010RGBT-HF,LED-SMD_4P-L1.0-W1.0-TR_1,95,-52,0,top
U21,XL-B1010RGBT-HF,LED-SMD_4P-L1.0-W1.0-TR_1,95,-54,0,top
U22,XL-B1010RGBT-HF,LED-SMD_4P-L1.0-W1.0-TR_1,95,-56,0,top
U23,XL-B1010RGBT-HF,LED-SMD_4P-L1.0-W1.0-TR_1,95,-58,0,top
U24,XL-B1010RGBT-HF,LED-SMD_4P-L1.0-W1.0-TR_1,95,-60,0,top
U25,XL-B1010RGBT-HF,LED-SMD_4P-L1.0-W1.0-TR_1,95,-62,0,top
U26,XL-B1010RGBT-HF,LED-SMD_4P-L1.0-W1.0-TR_1,95,-64,0,top
U27,XL-B1010RGBT-HF,LED-SMD_4P-L1.0-W1.0-TR_1,95,-66,0,top
U28,XL-B1010RGBT-HF,LED-SMD_4P-L1.0-W1.0-TR_1,95,-68,0,top
U29,XL-B1010RGBT-HF,LED-SMD_4P-L1.0-W1.0-TR_1,101,-52,0,top
U30,XL-B1010RGBT-HF,LED-SMD_4P-L1.0-W1.0-TR_1,99,-52,0,top
U31,XL-B1010RGBT-HF,LED-SMD_4P-L1.0-W1.0-TR_1,97,-52,0,top
U32,XL-B1010RGBT-HF,LED-SMD_4P-L1.0-W1.0-TR_1,101,-54,0,top
U33,XL-B1010RGBT-HF,LED-SMD_4P-L1.0-W1.0-TR_1,99,-54,0,top
U34,XL-B1010RGBT-HF,LED-SMD_4P-L1.0-W1.0-TR_1,97,-54,0,top
U35,XL-B1010RGBT-HF,LED-SMD_4P-L1.0-W1.0-TR_1,101,-56,0,top
U36,XL-B1010RGBT-HF,LED-SMD_4P-L1.0-W1.0-TR_1,99,-56,0,top
U37,XL-B1010RGBT-HF,LED-SMD_4P-L1.0-W1.0-TR_1,97,-56,0,top
U38,XL-B1010RGBT-HF,LED-SMD_4P-L1.0-W1.0-TR_1,101,-58,0,top
U39,XL-B1010RGBT-HF,LED-SMD_4P-L1.0-W1.0-TR_1,99,-58,0,top
U40,XL-B1010RGBT-HF,LED-SMD_4P-L1.0-W1.0-TR_1,97,-58,0,top
U41,XL-B1010RGBT-HF,LED-SMD_4P-L1.0-W1.0-TR_1,101,-60,0,top
U42,XL-B1010RGBT-HF,LED-SMD_4P-L1.0-W1.0-TR_1,99,-60,0,top
U43,XL-B1010RGBT-HF,LED-SMD_4P-L1.0-W1.0-TR_1,97,-60,0,top
U44,XL-B1010RGBT-HF,LED-SMD_4P-L1.0-W1.0-TR_1,101,-62,0,top
U45,XL-B1010RGBT-HF,LED-SMD_4P-L1.0-W1.0-TR_1,99,-62,0,top
U46,XL-B1010RGBT-HF,LED-SMD_4P-L1.0-W1.0-TR_1,97,-62,0,top
U47,XL-B1010RGBT-HF,LED-SMD_4P-L1.0-W1.0-TR_1,101,-64,0,top
U48,XL-B1010RGBT-HF,LED-SMD_4P-L1.0-W1.0-TR_1,99,-64,0,top
U49,XL-B1010RGBT-HF,LED-SMD_4P-L1.0-W1.0-TR_1,97,-64,0,top
U50,XL-B1010RGBT-HF,LED-SMD_4P-L1.0-W1.0-TR_1,101,-66,0,top
U51,XL-B1010RGBT-HF,LED-SMD_4P-L1.0-W1.0-TR_1,99,-66,0,top
U52,XL-B1010RGBT-HF,LED-SMD_4P-L1.0-W1.0-TR_1,97,-66,0,top
U53,XL-B1010RGBT-HF,LED-SMD_4P-L1.0-W1.0-TR_1,101,-68,0,top
U54,XL-B1010RGBT-HF,LED-SMD_4P-L1.0-W1.0-TR_1,99,-68,0,top
U55,XL-B1010RGBT-HF,LED-SMD_4P-L1.0-W1.0-TR_1,97,-68,0,top
U56,XL-B1010RGBT-HF,LED-SMD_4P-L1.0-W1.0-TR_1,107,-52,0,top
U57,XL-B1010RGBT-HF,LED-SMD_4P-L1.0-W1.0-TR_1,105,-52,0,top
U58,XL-B1010RGBT-HF,LED-SMD_4P-L1.0-W1.0-TR_1,103,-52,0,top
U59,XL-B1010RGBT-HF,LED-SMD_4P-L1.0-W1.0-TR_1,107,-54,0,top
U60,XL-B1010RGBT-HF,LED-SMD_4P-L1.0-W1.0-TR_1,105,-54,0,top
U61,XL-B1010RGBT-HF,LED-SMD_4P-L1.0-W1.0-TR_1,103,-54,0,top
U62,XL-B1010RGBT-HF,LED-SMD_4P-L1.0-W1.0-TR_1,107,-56,0,top
U63,XL-B1010RGBT-HF,LED-SMD_4P-L1.0-W1.0-TR_1,105,-56,0,top
U64,XL-B1010RGBT-HF,LED-SMD_4P-L1.0-W1.0-TR_1,103,-56,0,top
U65,XL-B1010RGBT-HF,LED-SMD_4P-L1.0-W1.0-TR_1,107,-58,0,top
U66,XL-B1010RGBT-HF,LED-SMD_4P-L1.0-W1.0-TR_1,105,-58,0,top
U67,XL-B1010RGBT-HF,LED-SMD_4P-L1.0-W1.0-TR_1,103,-58,0,top
U68,XL-B1010RGBT-HF,LED-SMD_4P-L1.0-W1.0-TR_1,107,-60,0,top
U69,XL-B1010RGBT-HF,LED-SMD_4P-L1.0-W1.0-TR_1,105,-60,0,top
U70,XL-B1010RGBT-HF,LED-SMD_4P-L1.0-W1.0-TR_1,103,-60,0,top
U71,XL-B1010RGBT-HF,LED-SMD_4P-L1.0-W1.0-TR_1,107,-62,0,top
U72,XL-B1010RGBT-HF,LED-SMD_4P-L1.0-W1.0-TR_1,105,-62,0,top
U73,XL-B1010RGBT-HF,LED-SMD_4P-L1.0-W1.0-TR_1,103,-62,0,top
U74,XL-B1010RGBT-HF,LED-SMD_4P-L1.0-W1.0-TR_1,107,-64,0,top
U75,XL-B1010RGBT-HF,LED-SMD_4P-L1.0-W1.0-TR_1,105,-64,0,top
U76,XL-B1010RGBT-HF,LED-SMD_4P-L1.0-W1.0-TR_1,103,-64,0,top
U77,XL-B1010RGBT-HF,LED-SMD_4P-L1.0-W1.0-TR_1,107,-66,0,top
U78,XL-B1010RGBT-HF,LED-SMD_4P-L1.0-W1.0-TR_1,105,-66,0,top
U79,XL-B1010RGBT-HF,LED-SMD_4P-L1.0-W1.0-TR_1,103,-66,0,top
U80,XL-B1010RGBT-HF,LED-SMD_4P-L1.0-W1.0-TR_1,107,-68,0,top
U81,XL-B1010RGBT-HF,LED-SMD_4P-L1.0-W1.0-TR_1,105,-68,0,top
U82,XL-B1010RGBT-HF,LED-SMD_4P-L1.0-W1.0-TR_1,103,-68,0,top
U83,XL-B1010RGBT-HF,LED-SMD_4P-L1.0-W1.0-TR_1,113,-52,0,top
U84,XL-B1010RGBT-HF,LED-SMD_4P-L1.0-W1.0-TR_1,111,-52,0,top
U85,XL-B1010RGBT-HF,LED-SMD_4P-L1.0-W1.0-TR_1,109,-52,0,top
U86,XL-B1010RGBT-HF,LED-SMD_4P-L1.0-W1.0-TR_1,113,-54,0,top
U87,XL-B1010RGBT-HF,LED-SMD_4P-L1.0-W1.0-TR_1,111,-54,0,top
U88,XL-B1010RGBT-HF,LED-SMD_4P-L1.0-W1.0-TR_1,109,-54,0,top
U89,XL-B1010RGBT-HF,LED-SMD_4P-L1.0-W1.0-TR_1,113,-56,0,top
U90,XL-B1010RGBT-HF,LED-SMD_4P-L1.0-W1.0-TR_1,111,-56,0,top
U91,XL-B1010RGBT-HF,LED-SMD_4P-L1.0-W1.0-TR_1,109,-56,0,top
U92,XL-B1010RGBT-HF,LED-SMD_4P-L1.0-W1.0-TR_1,113,-58,0,top
U93,XL-B1010RGBT-HF,LED-SMD_4P-L1.0-W1.0-TR_1,111,-58,0,top
U94,XL-B1010RGBT-HF,LED-SMD_4P-L1.0-W1.0-TR_1,109,-58,0,top
U95,XL-B1010RGBT-HF,LED-SMD_4P-L1.0-W1.0-TR_1,113,-60,0,top
U96,XL-B1010RGBT-HF,LED-SMD_4P-L1.0-W1.0-TR_1,111,-60,0,top
U97,XL-B1010RGBT-HF,LED-SMD_4P-L1.0-W1.0-TR_1,109,-60,0,top
U98,XL-B1010RGBT-HF,LED-SMD_4P-L1.0-W1.0-TR_1,113,-62,0,top
U99,XL-B1010RGBT-HF,LED-SMD_4P-L1.0-W1.0-TR_1,111,-62,0,top
U100,XL-B1010RGBT-HF,LED-SMD_4P-L1.0-W1.0-TR_1,109,-62,0,top
U101,XL-B1010RGBT-HF,LED-SMD_4P-L1.0-W1.0-TR_1,113,-64,0,top
U102,XL-B1010RGBT-HF,LED-SMD_4P-L1.0-W1.0-TR_1,111,-64,0,top
U103,XL-B1010RGBT-HF,LED-SMD_4P-L1.0-W1.0-TR_1,109,-64,0,top
U104,XL-B1010RGBT-HF,LED-SMD_4P-L1.0-W1.0-TR_1,113,-66,0,top
U105,XL-B1010RGBT-HF,LED-SMD_4P-L1.0-W1.0-TR_1,111,-66,0,top
U106,XL-B1010RGBT-HF,LED-SMD_4P-L1.0-W1.0-TR_1,109,-66,0,top
U107,XL-B1010RGBT-HF,LED-SMD_4P-L1.0-W1.0-TR_1,113,-68,0,top
U108,XL-B1010RGBT-HF,LED-SMD_4P-L1.0-W1.0-TR_1,111,-68,0,top
U109,XL-B1010RGBT-HF,LED-SMD_4P-L1.0-W1.0-TR_1,109,-68,0,top
U110,XL-B1010RGBT-HF,LED-SMD_4P-L1.0-W1.0-TR_1,115,-52,0,top
U111,XL-B1010RGBT-HF,LED-SMD_4P-L1.0-W1.0-TR_1,115,-54,0,top
U112,XL-B1010RGBT-HF,LED-SMD_4P-L1.0-W1.0-TR_1,115,-56,0,top
U113,XL-B1010RGBT-HF,LED-SMD_4P-L1.0-W1.0-TR_1,115,-58,0,top
U114,XL-B1010RGBT-HF,LED-SMD_4P-L1.0-W1.0-TR_1,115,-60,0,top
U115,XL-B1010RGBT-HF,LED-SMD_4P-L1.0-W1.0-TR_1,115,-62,0,top
U116,XL-B1010RGBT-HF,LED-SMD_4P-L1.0-W1.0-TR_1,115,-64,0,top
U117,XL-B1010RGBT-HF,LED-SMD_4P-L1.0-W1.0-TR_1,115,-66,0,top
U118,XL-B1010RGBT-HF,LED-SMD_4P-L1.0-W1.0-TR_1,115,-68,0,top
